TimeUTC,timestampInMs,requestPath,requestMethod,requestQueryString,responseStatusCode,requestId,requestUserAgent,level,environment,branch,vercelCache,type,function,host,deploymentDomain,deploymentId,durationMs,region,maxMemoryUsed,memorySize,message,projectId,traceId,sessionId,invocationId,instanceId,concurrency
2025-12-11 08:49:42,1765442982521,fefa-backend.vercel.app/favicon.ico,GET,,,q2klp-1765442982379-34d2a962e311,"Mozilla/5.0 (Windows NT 10.0; Win64; x64) AppleWebKit/537.36 (KHTML, like Gecko) Chrome/143.0.0.0 Safari/537.36",info,production,main,,serverless,,fefa-backend.vercel.app,fefa-backend.vercel.app,dpl_G8BfmXGqFncf9S47HbwZwADu2LgP,,,,,"127.0.0.1 - - [11/Dec/2025:08:49:42 +0000] ""GET /favicon.ico HTTP/1.1"" 204 - ""https://fefa-backend.vercel.app/api/auth"" ""Mozilla/5.0 (Windows NT 10.0; Win64; x64) AppleWebKit/537.36 (KHTML, like Gecko) Chrome/143.0.0.0 Safari/537.36""",prj_v0LSSTn9h0d3KtqmKoFHCXIhqfwp,,,,,
2025-12-11 08:49:19,1765442959010,fefa-backend.vercel.app/favicon.ico,GET,,204,h8ktn-1765442958851-aa584fefdeff,"Mozilla/5.0 (Windows NT 10.0; Win64; x64) AppleWebKit/537.36 (KHTML, like Gecko) Chrome/143.0.0.0 Safari/537.36",info,production,main,MISS,serverless,/,fefa-backend.vercel.app,fefa-backend-qfejmju6w-fefas-projects.vercel.app,dpl_G8BfmXGqFncf9S47HbwZwADu2LgP,,,,,"127.0.0.1 - - [11/Dec/2025:08:49:19 +0000] ""GET /favicon.ico HTTP/1.1"" 204 - ""https://fefa-backend.vercel.app/api/auth"" ""Mozilla/5.0 (Windows NT 10.0; Win64; x64) AppleWebKit/537.36 (KHTML, like Gecko) Chrome/143.0.0.0 Safari/537.36""",prj_v0LSSTn9h0d3KtqmKoFHCXIhqfwp,,,,,
2025-12-11 08:49:18,1765442958851,fefa-backend.vercel.app/favicon.ico,GET,,204,h8ktn-1765442958851-aa584fefdeff,"Mozilla/5.0 (Windows NT 10.0; Win64; x64) AppleWebKit/537.36 (KHTML, like Gecko) Chrome/143.0.0.0 Safari/537.36",,production,main,MISS,serverless,/,fefa-backend.vercel.app,fefa-backend-qfejmju6w-fefas-projects.vercel.app,dpl_G8BfmXGqFncf9S47HbwZwADu2LgP,35,iad1,355,2048,,prj_v0LSSTn9h0d3KtqmKoFHCXIhqfwp,,,01KC69KDKH9H8VTF7KNREM2V44,m5A9NclBwTLJ,1
2025-12-11 08:49:05,1765442945327,fefa-backend.vercel.app/favicon.ico,GET,,204,hsz5z-1765442945163-c072b70fe477,"Mozilla/5.0 (Windows NT 10.0; Win64; x64) AppleWebKit/537.36 (KHTML, like Gecko) Chrome/143.0.0.0 Safari/537.36",info,production,main,MISS,serverless,/,fefa-backend.vercel.app,fefa-backend.vercel.app,dpl_G8BfmXGqFncf9S47HbwZwADu2LgP,,,,,"127.0.0.1 - - [11/Dec/2025:08:49:05 +0000] ""GET /favicon.ico HTTP/1.1"" 204 - ""-"" ""Mozilla/5.0 (Windows NT 10.0; Win64; x64) AppleWebKit/537.36 (KHTML, like Gecko) Chrome/143.0.0.0 Safari/537.36""",prj_v0LSSTn9h0d3KtqmKoFHCXIhqfwp,,,,,
2025-12-11 08:49:05,1765442945163,fefa-backend.vercel.app/favicon.ico,GET,,204,hsz5z-1765442945163-c072b70fe477,"Mozilla/5.0 (Windows NT 10.0; Win64; x64) AppleWebKit/537.36 (KHTML, like Gecko) Chrome/143.0.0.0 Safari/537.36",,production,main,MISS,serverless,/,fefa-backend.vercel.app,fefa-backend.vercel.app,dpl_G8BfmXGqFncf9S47HbwZwADu2LgP,48,iad1,354,2048,,prj_v0LSSTn9h0d3KtqmKoFHCXIhqfwp,,,01KC69K07CNV7EMWFSZGSH3HVQ,m5A9NclBwTLJ,1
2025-12-11 08:49:04,1765442944923,fefa-backend.vercel.app/,GET,,304,hsz5z-1765442944552-480efd393ed7,"Mozilla/5.0 (Windows NT 10.0; Win64; x64) AppleWebKit/537.36 (KHTML, like Gecko) Chrome/143.0.0.0 Safari/537.36",info,production,main,MISS,serverless,/,fefa-backend.vercel.app,fefa-backend-qfejmju6w-fefas-projects.vercel.app,dpl_G8BfmXGqFncf9S47HbwZwADu2LgP,,,,,"127.0.0.1 - - [11/Dec/2025:08:49:04 +0000] ""GET / HTTP/1.1"" 200 368 ""https://vercel.com/"" ""Mozilla/5.0 (Windows NT 10.0; Win64; x64) AppleWebKit/537.36 (KHTML, like Gecko) Chrome/143.0.0.0 Safari/537.36""",prj_v0LSSTn9h0d3KtqmKoFHCXIhqfwp,,,,,
2025-12-11 08:49:04,1765442944552,fefa-backend.vercel.app/,GET,,304,hsz5z-1765442944552-480efd393ed7,"Mozilla/5.0 (Windows NT 10.0; Win64; x64) AppleWebKit/537.36 (KHTML, like Gecko) Chrome/143.0.0.0 Safari/537.36",,production,main,MISS,serverless,/,fefa-backend.vercel.app,fefa-backend-qfejmju6w-fefas-projects.vercel.app,dpl_G8BfmXGqFncf9S47HbwZwADu2LgP,8,iad1,354,2048,,prj_v0LSSTn9h0d3KtqmKoFHCXIhqfwp,,,01KC69JZW6XW9AAYVV0MJPAJDV,m5A9NclBwTLJ,1
2025-12-11 08:49:01,1765442941395,fefa-backend-qfejmju6w-fefas-projects.vercel.app/favicon.png,GET,,500,4mdwj-1765442941326-e74997197923,vercel-favicon/1.0,info,production,main,MISS,serverless,/,fefa-backend-qfejmju6w-fefas-projects.vercel.app,fefa-backend-qfejmju6w-fefas-projects.vercel.app,dpl_G8BfmXGqFncf9S47HbwZwADu2LgP,,,,,"‚ö†Ô∏è Redis is disabled, using fallback mode",prj_v0LSSTn9h0d3KtqmKoFHCXIhqfwp,,,,,
2025-12-11 08:49:01,1765442941396,fefa-backend-qfejmju6w-fefas-projects.vercel.app/favicon.png,GET,,500,4mdwj-1765442941326-e74997197923,vercel-favicon/1.0,error,production,main,MISS,serverless,/,fefa-backend-qfejmju6w-fefas-projects.vercel.app,fefa-backend-qfejmju6w-fefas-projects.vercel.app,dpl_G8BfmXGqFncf9S47HbwZwADu2LgP,,,,,"Error: Error: Not Found - /favicon.png
    at notFound (/var/task/src/middleware/notFound.js:5:19)
    at Layer.handleRequest (/var/task/node_modules/router/lib/layer.js:152:17)
    at trimPrefix (/var/task/node_modules/router/index.js:342:13)
    at /var/task/node_modules/router/index.js:297:9
    at processParams (/var/task/node_modules/router/index.js:582:12)
    at next (/var/task/node_modules/router/index.js:291:5)
    at /var/task/node_modules/express-rate-limit/dist/index.cjs:899:7
    at process.processTicksAndRejections (node:internal/process/task_queues:105:5)
    at async /var/task/node_modules/express-rate-limit/dist/index.cjs:782:5",prj_v0LSSTn9h0d3KtqmKoFHCXIhqfwp,,,,,
2025-12-11 08:49:01,1765442941396,fefa-backend-qfejmju6w-fefas-projects.vercel.app/favicon.png,GET,,500,4mdwj-1765442941326-e74997197923,vercel-favicon/1.0,info,production,main,MISS,serverless,/,fefa-backend-qfejmju6w-fefas-projects.vercel.app,fefa-backend-qfejmju6w-fefas-projects.vercel.app,dpl_G8BfmXGqFncf9S47HbwZwADu2LgP,,,,,"127.0.0.1 - - [11/Dec/2025:08:49:01 +0000] ""GET /favicon.png HTTP/1.1"" 500 717 ""-"" ""vercel-favicon/1.0""",prj_v0LSSTn9h0d3KtqmKoFHCXIhqfwp,,,,,
2025-12-11 08:49:01,1765442941326,fefa-backend-qfejmju6w-fefas-projects.vercel.app/favicon.png,GET,,500,4mdwj-1765442941326-e74997197923,vercel-favicon/1.0,,production,main,MISS,serverless,/,fefa-backend-qfejmju6w-fefas-projects.vercel.app,fefa-backend-qfejmju6w-fefas-projects.vercel.app,dpl_G8BfmXGqFncf9S47HbwZwADu2LgP,7,iad1,354,2048,,prj_v0LSSTn9h0d3KtqmKoFHCXIhqfwp,,,01KC69JWDY6F9K2XGYDEGZZCZ8,m5A9NclBwTLJ,1
2025-12-11 08:49:00,1765442940513,fefa-backend-qfejmju6w-fefas-projects.vercel.app/favicon.ico,GET,,204,9bcln-1765442940391-5ac6a4744e86,"Mozilla/5.0 (Windows NT 10.0; Win64; x64) AppleWebKit/537.36 (KHTML, like Gecko) Chrome/143.0.0.0 Safari/537.36",info,production,main,MISS,serverless,/,fefa-backend-qfejmju6w-fefas-projects.vercel.app,fefa-backend-qfejmju6w-fefas-projects.vercel.app,dpl_G8BfmXGqFncf9S47HbwZwADu2LgP,,,,,"127.0.0.1 - - [11/Dec/2025:08:49:00 +0000] ""GET /favicon.ico HTTP/1.1"" 204 - ""-"" ""Mozilla/5.0 (Windows NT 10.0; Win64; x64) AppleWebKit/537.36 (KHTML, like Gecko) Chrome/143.0.0.0 Safari/537.36""",prj_v0LSSTn9h0d3KtqmKoFHCXIhqfwp,,,,,
2025-12-11 08:49:00,1765442940391,fefa-backend-qfejmju6w-fefas-projects.vercel.app/favicon.ico,GET,,204,9bcln-1765442940391-5ac6a4744e86,"Mozilla/5.0 (Windows NT 10.0; Win64; x64) AppleWebKit/537.36 (KHTML, like Gecko) Chrome/143.0.0.0 Safari/537.36",,production,main,MISS,serverless,/,fefa-backend-qfejmju6w-fefas-projects.vercel.app,fefa-backend-qfejmju6w-fefas-projects.vercel.app,dpl_G8BfmXGqFncf9S47HbwZwADu2LgP,6,iad1,353,2048,,prj_v0LSSTn9h0d3KtqmKoFHCXIhqfwp,,,01KC69JVJBKGAQS55XNWG91FJC,m5A9NclBwTLJ,1
2025-12-11 08:49:00,1765442940136,fefa-backend-qfejmju6w-fefas-projects.vercel.app/,GET,,200,lfm98-1765442939778-e6079336c9ae,"Mozilla/5.0 (Windows NT 10.0; Win64; x64) AppleWebKit/537.36 (KHTML, like Gecko) Chrome/143.0.0.0 Safari/537.36",info,production,main,MISS,serverless,/,fefa-backend-qfejmju6w-fefas-projects.vercel.app,fefa-backend-qfejmju6w-fefas-projects.vercel.app,dpl_G8BfmXGqFncf9S47HbwZwADu2LgP,,,,,"127.0.0.1 - - [11/Dec/2025:08:49:00 +0000] ""GET / HTTP/1.1"" 200 368 ""https://fefa-backend-qfejmju6w-fefas-projects.vercel.app/"" ""Mozilla/5.0 (Windows NT 10.0; Win64; x64) AppleWebKit/537.36 (KHTML, like Gecko) Chrome/143.0.0.0 Safari/537.36""",prj_v0LSSTn9h0d3KtqmKoFHCXIhqfwp,,,,,
2025-12-11 08:48:59,1765442939778,fefa-backend-qfejmju6w-fefas-projects.vercel.app/,GET,,200,lfm98-1765442939778-e6079336c9ae,"Mozilla/5.0 (Windows NT 10.0; Win64; x64) AppleWebKit/537.36 (KHTML, like Gecko) Chrome/143.0.0.0 Safari/537.36",,production,main,MISS,serverless,/,fefa-backend-qfejmju6w-fefas-projects.vercel.app,fefa-backend-qfejmju6w-fefas-projects.vercel.app,dpl_G8BfmXGqFncf9S47HbwZwADu2LgP,7,iad1,353,2048,,prj_v0LSSTn9h0d3KtqmKoFHCXIhqfwp,,,01KC69JV6JDTBPWQ0MHREGC739,m5A9NclBwTLJ,1
2025-12-11 08:48:59,1765442939213,fefa-backend-qfejmju6w-fefas-projects.vercel.app/favicon.png,GET,,500,w89s6-1765442939152-1e3b6ba91344,vercel-favicon/1.0,info,production,main,MISS,serverless,/,fefa-backend-qfejmju6w-fefas-projects.vercel.app,fefa-backend-qfejmju6w-fefas-projects.vercel.app,dpl_G8BfmXGqFncf9S47HbwZwADu2LgP,,,,,"‚ö†Ô∏è Redis is disabled, using fallback mode",prj_v0LSSTn9h0d3KtqmKoFHCXIhqfwp,,,,,
2025-12-11 08:48:59,1765442939214,fefa-backend-qfejmju6w-fefas-projects.vercel.app/favicon.png,GET,,500,w89s6-1765442939152-1e3b6ba91344,vercel-favicon/1.0,error,production,main,MISS,serverless,/,fefa-backend-qfejmju6w-fefas-projects.vercel.app,fefa-backend-qfejmju6w-fefas-projects.vercel.app,dpl_G8BfmXGqFncf9S47HbwZwADu2LgP,,,,,"Error: Error: Not Found - /favicon.png
    at notFound (/var/task/src/middleware/notFound.js:5:19)
    at Layer.handleRequest (/var/task/node_modules/router/lib/layer.js:152:17)
    at trimPrefix (/var/task/node_modules/router/index.js:342:13)
    at /var/task/node_modules/router/index.js:297:9
    at processParams (/var/task/node_modules/router/index.js:582:12)
    at next (/var/task/node_modules/router/index.js:291:5)
    at /var/task/node_modules/express-rate-limit/dist/index.cjs:899:7
    at process.processTicksAndRejections (node:internal/process/task_queues:105:5)
    at async /var/task/node_modules/express-rate-limit/dist/index.cjs:782:5",prj_v0LSSTn9h0d3KtqmKoFHCXIhqfwp,,,,,
2025-12-11 08:48:59,1765442939215,fefa-backend-qfejmju6w-fefas-projects.vercel.app/favicon.png,GET,,500,w89s6-1765442939152-1e3b6ba91344,vercel-favicon/1.0,info,production,main,MISS,serverless,/,fefa-backend-qfejmju6w-fefas-projects.vercel.app,fefa-backend-qfejmju6w-fefas-projects.vercel.app,dpl_G8BfmXGqFncf9S47HbwZwADu2LgP,,,,,"127.0.0.1 - - [11/Dec/2025:08:48:59 +0000] ""GET /favicon.png HTTP/1.1"" 500 717 ""-"" ""vercel-favicon/1.0""",prj_v0LSSTn9h0d3KtqmKoFHCXIhqfwp,,,,,
2025-12-11 08:48:59,1765442939152,fefa-backend-qfejmju6w-fefas-projects.vercel.app/favicon.png,GET,,500,w89s6-1765442939152-1e3b6ba91344,vercel-favicon/1.0,,production,main,MISS,serverless,/,fefa-backend-qfejmju6w-fefas-projects.vercel.app,fefa-backend-qfejmju6w-fefas-projects.vercel.app,dpl_G8BfmXGqFncf9S47HbwZwADu2LgP,7,iad1,353,2048,,prj_v0LSSTn9h0d3KtqmKoFHCXIhqfwp,,,01KC69JT9MWA90NZ75GNN9Y1VQ,m5A9NclBwTLJ,1
2025-12-11 08:48:55,1765442935364,fefa-backend-qfejmju6w-fefas-projects.vercel.app/favicon.png,GET,,500,w89s6-1765442932471-6e68727d96dd,vercel-favicon/1.0,error,production,main,MISS,serverless,/,fefa-backend-qfejmju6w-fefas-projects.vercel.app,fefa-backend-qfejmju6w-fefas-projects.vercel.app,dpl_G8BfmXGqFncf9S47HbwZwADu2LgP,,,,,"‚ùå Redis Client Error: Error: connect ECONNREFUSED 127.0.0.1:6379
    at TCPConnectWrap.afterConnect [as oncomplete] (node:net:1637:16) {
  errno: -111,
  code: 'ECONNREFUSED',
  syscall: 'connect',
  address: '127.0.0.1',
  port: 6379
}",prj_v0LSSTn9h0d3KtqmKoFHCXIhqfwp,,,,,
2025-12-11 08:48:55,1765442935364,fefa-backend-qfejmju6w-fefas-projects.vercel.app/favicon.png,GET,,500,w89s6-1765442932471-6e68727d96dd,vercel-favicon/1.0,info,production,main,MISS,serverless,/,fefa-backend-qfejmju6w-fefas-projects.vercel.app,fefa-backend-qfejmju6w-fefas-projects.vercel.app,dpl_G8BfmXGqFncf9S47HbwZwADu2LgP,,,,,‚ö†Ô∏è Falling back to in-memory caching,prj_v0LSSTn9h0d3KtqmKoFHCXIhqfwp,,,,,
2025-12-11 08:48:56,1765442936165,fefa-backend-qfejmju6w-fefas-projects.vercel.app/favicon.png,GET,,500,w89s6-1765442932471-6e68727d96dd,vercel-favicon/1.0,error,production,main,MISS,serverless,/,fefa-backend-qfejmju6w-fefas-projects.vercel.app,fefa-backend-qfejmju6w-fefas-projects.vercel.app,dpl_G8BfmXGqFncf9S47HbwZwADu2LgP,,,,,"‚ùå Redis Client Error: Error: connect ECONNREFUSED 127.0.0.1:6379
    at TCPConnectWrap.afterConnect [as oncomplete] (node:net:1637:16) {
  errno: -111,
  code: 'ECONNREFUSED',
  syscall: 'connect',
  address: '127.0.0.1',
  port: 6379
}",prj_v0LSSTn9h0d3KtqmKoFHCXIhqfwp,,,,,
2025-12-11 08:48:56,1765442936165,fefa-backend-qfejmju6w-fefas-projects.vercel.app/favicon.png,GET,,500,w89s6-1765442932471-6e68727d96dd,vercel-favicon/1.0,info,production,main,MISS,serverless,/,fefa-backend-qfejmju6w-fefas-projects.vercel.app,fefa-backend-qfejmju6w-fefas-projects.vercel.app,dpl_G8BfmXGqFncf9S47HbwZwADu2LgP,,,,,‚ö†Ô∏è Falling back to in-memory caching,prj_v0LSSTn9h0d3KtqmKoFHCXIhqfwp,,,,,
2025-12-11 08:48:57,1765442937066,fefa-backend-qfejmju6w-fefas-projects.vercel.app/favicon.png,GET,,500,w89s6-1765442932471-6e68727d96dd,vercel-favicon/1.0,error,production,main,MISS,serverless,/,fefa-backend-qfejmju6w-fefas-projects.vercel.app,fefa-backend-qfejmju6w-fefas-projects.vercel.app,dpl_G8BfmXGqFncf9S47HbwZwADu2LgP,,,,,"‚ùå Redis Client Error: Error: connect ECONNREFUSED 127.0.0.1:6379
    at TCPConnectWrap.afterConnect [as oncomplete] (node:net:1637:16) {
  errno: -111,
  code: 'ECONNREFUSED',
  syscall: 'connect',
  address: '127.0.0.1',
  port: 6379
}",prj_v0LSSTn9h0d3KtqmKoFHCXIhqfwp,,,,,
2025-12-11 08:48:57,1765442937066,fefa-backend-qfejmju6w-fefas-projects.vercel.app/favicon.png,GET,,500,w89s6-1765442932471-6e68727d96dd,vercel-favicon/1.0,info,production,main,MISS,serverless,/,fefa-backend-qfejmju6w-fefas-projects.vercel.app,fefa-backend-qfejmju6w-fefas-projects.vercel.app,dpl_G8BfmXGqFncf9S47HbwZwADu2LgP,,,,,‚ö†Ô∏è Falling back to in-memory caching,prj_v0LSSTn9h0d3KtqmKoFHCXIhqfwp,,,,,
2025-12-11 08:48:58,1765442938068,fefa-backend-qfejmju6w-fefas-projects.vercel.app/favicon.png,GET,,500,w89s6-1765442932471-6e68727d96dd,vercel-favicon/1.0,error,production,main,MISS,serverless,/,fefa-backend-qfejmju6w-fefas-projects.vercel.app,fefa-backend-qfejmju6w-fefas-projects.vercel.app,dpl_G8BfmXGqFncf9S47HbwZwADu2LgP,,,,,‚ùå Redis connection failed after 10 retries,prj_v0LSSTn9h0d3KtqmKoFHCXIhqfwp,,,,,
2025-12-11 08:48:58,1765442938068,fefa-backend-qfejmju6w-fefas-projects.vercel.app/favicon.png,GET,,500,w89s6-1765442932471-6e68727d96dd,vercel-favicon/1.0,info,production,main,MISS,serverless,/,fefa-backend-qfejmju6w-fefas-projects.vercel.app,fefa-backend-qfejmju6w-fefas-projects.vercel.app,dpl_G8BfmXGqFncf9S47HbwZwADu2LgP,,,,,‚ö†Ô∏è Falling back to in-memory caching,prj_v0LSSTn9h0d3KtqmKoFHCXIhqfwp,,,,,
2025-12-11 08:48:58,1765442938068,fefa-backend-qfejmju6w-fefas-projects.vercel.app/favicon.png,GET,,500,w89s6-1765442932471-6e68727d96dd,vercel-favicon/1.0,error,production,main,MISS,serverless,/,fefa-backend-qfejmju6w-fefas-projects.vercel.app,fefa-backend-qfejmju6w-fefas-projects.vercel.app,dpl_G8BfmXGqFncf9S47HbwZwADu2LgP,,,,,"‚ùå Redis Client Error: Error: connect ECONNREFUSED 127.0.0.1:6379
    at TCPConnectWrap.afterConnect [as oncomplete] (node:net:1637:16) {
  errno: -111,
  code: 'ECONNREFUSED',
  syscall: 'connect',
  address: '127.0.0.1',
  port: 6379
}",prj_v0LSSTn9h0d3KtqmKoFHCXIhqfwp,,,,,
2025-12-11 08:48:58,1765442938068,fefa-backend-qfejmju6w-fefas-projects.vercel.app/favicon.png,GET,,500,w89s6-1765442932471-6e68727d96dd,vercel-favicon/1.0,info,production,main,MISS,serverless,/,fefa-backend-qfejmju6w-fefas-projects.vercel.app,fefa-backend-qfejmju6w-fefas-projects.vercel.app,dpl_G8BfmXGqFncf9S47HbwZwADu2LgP,,,,,‚ö†Ô∏è Falling back to in-memory caching,prj_v0LSSTn9h0d3KtqmKoFHCXIhqfwp,,,,,
2025-12-11 08:48:58,1765442938068,fefa-backend-qfejmju6w-fefas-projects.vercel.app/favicon.png,GET,,500,w89s6-1765442932471-6e68727d96dd,vercel-favicon/1.0,error,production,main,MISS,serverless,/,fefa-backend-qfejmju6w-fefas-projects.vercel.app,fefa-backend-qfejmju6w-fefas-projects.vercel.app,dpl_G8BfmXGqFncf9S47HbwZwADu2LgP,,,,,"‚ùå Failed to connect to Redis: Error: connect ECONNREFUSED 127.0.0.1:6379
    at TCPConnectWrap.afterConnect [as oncomplete] (node:net:1637:16) {
  errno: -111,
  code: 'ECONNREFUSED',
  syscall: 'connect',
  address: '127.0.0.1',
  port: 6379
}",prj_v0LSSTn9h0d3KtqmKoFHCXIhqfwp,,,,,
2025-12-11 08:48:58,1765442938068,fefa-backend-qfejmju6w-fefas-projects.vercel.app/favicon.png,GET,,500,w89s6-1765442932471-6e68727d96dd,vercel-favicon/1.0,info,production,main,MISS,serverless,/,fefa-backend-qfejmju6w-fefas-projects.vercel.app,fefa-backend-qfejmju6w-fefas-projects.vercel.app,dpl_G8BfmXGqFncf9S47HbwZwADu2LgP,,,,,‚ö†Ô∏è Falling back to in-memory caching,prj_v0LSSTn9h0d3KtqmKoFHCXIhqfwp,,,,,
2025-12-11 08:48:58,1765442938070,fefa-backend-qfejmju6w-fefas-projects.vercel.app/favicon.png,GET,,500,w89s6-1765442932471-6e68727d96dd,vercel-favicon/1.0,error,production,main,MISS,serverless,/,fefa-backend-qfejmju6w-fefas-projects.vercel.app,fefa-backend-qfejmju6w-fefas-projects.vercel.app,dpl_G8BfmXGqFncf9S47HbwZwADu2LgP,,,,,"Error: Error: Not Found - /favicon.png
    at notFound (/var/task/src/middleware/notFound.js:5:19)
    at Layer.handleRequest (/var/task/node_modules/router/lib/layer.js:152:17)
    at trimPrefix (/var/task/node_modules/router/index.js:342:13)
    at /var/task/node_modules/router/index.js:297:9
    at processParams (/var/task/node_modules/router/index.js:582:12)
    at next (/var/task/node_modules/router/index.js:291:5)
    at /var/task/node_modules/express-rate-limit/dist/index.cjs:899:7
    at process.processTicksAndRejections (node:internal/process/task_queues:105:5)
    at async /var/task/node_modules/express-rate-limit/dist/index.cjs:782:5",prj_v0LSSTn9h0d3KtqmKoFHCXIhqfwp,,,,,
2025-12-11 08:48:58,1765442938071,fefa-backend-qfejmju6w-fefas-projects.vercel.app/favicon.png,GET,,500,w89s6-1765442932471-6e68727d96dd,vercel-favicon/1.0,info,production,main,MISS,serverless,/,fefa-backend-qfejmju6w-fefas-projects.vercel.app,fefa-backend-qfejmju6w-fefas-projects.vercel.app,dpl_G8BfmXGqFncf9S47HbwZwADu2LgP,,,,,"127.0.0.1 - - [11/Dec/2025:08:48:58 +0000] ""GET /favicon.png HTTP/1.1"" 500 717 ""-"" ""vercel-favicon/1.0""",prj_v0LSSTn9h0d3KtqmKoFHCXIhqfwp,,,,,
2025-12-11 08:48:52,1765442932544,fefa-backend-qfejmju6w-fefas-projects.vercel.app/favicon.png,GET,,500,w89s6-1765442932471-6e68727d96dd,vercel-favicon/1.0,error,production,main,MISS,serverless,/,fefa-backend-qfejmju6w-fefas-projects.vercel.app,fefa-backend-qfejmju6w-fefas-projects.vercel.app,dpl_G8BfmXGqFncf9S47HbwZwADu2LgP,,,,,"ValidationError: The 'X-Forwarded-For' header is set but the Express 'trust proxy' setting is false (default). This could indicate a misconfiguration which would prevent express-rate-limit from accurately identifying users. See https://express-rate-limit.github.io/ERR_ERL_UNEXPECTED_X_FORWARDED_FOR/ for more information.
    at Object.xForwardedForHeader (/var/task/node_modules/express-rate-limit/dist/index.cjs:366:13)
    at wrappedValidations.<computed> [as xForwardedForHeader] (/var/task/node_modules/express-rate-limit/dist/index.cjs:638:22)
    at Object.keyGenerator (/var/task/node_modules/express-rate-limit/dist/index.cjs:740:20)
    at /var/task/node_modules/express-rate-limit/dist/index.cjs:801:32
    at process.processTicksAndRejections (node:internal/process/task_queues:105:5)
    at async /var/task/node_modules/express-rate-limit/dist/index.cjs:782:5 {
  code: 'ERR_ERL_UNEXPECTED_X_FORWARDED_FOR',
  help: 'https://express-rate-limit.github.io/ERR_ERL_UNEXPECTED_X_FORWARDED_FOR/'
}",prj_v0LSSTn9h0d3KtqmKoFHCXIhqfwp,,,,,
2025-12-11 08:48:52,1765442932545,fefa-backend-qfejmju6w-fefas-projects.vercel.app/favicon.png,GET,,500,w89s6-1765442932471-6e68727d96dd,vercel-favicon/1.0,error,production,main,MISS,serverless,/,fefa-backend-qfejmju6w-fefas-projects.vercel.app,fefa-backend-qfejmju6w-fefas-projects.vercel.app,dpl_G8BfmXGqFncf9S47HbwZwADu2LgP,,,,,"ValidationError: The 'Forwarded' header (standardized X-Forwarded-For) is set but currently being ignored. Add a custom keyGenerator to use a value from this header. See https://express-rate-limit.github.io/ERR_ERL_FORWARDED_HEADER/ for more information.
    at Object.forwardedHeader (/var/task/node_modules/express-rate-limit/dist/index.cjs:381:13)
    at wrappedValidations.<computed> [as forwardedHeader] (/var/task/node_modules/express-rate-limit/dist/index.cjs:638:22)
    at Object.keyGenerator (/var/task/node_modules/express-rate-limit/dist/index.cjs:741:20)
    at /var/task/node_modules/express-rate-limit/dist/index.cjs:801:32
    at process.processTicksAndRejections (node:internal/process/task_queues:105:5)
    at async /var/task/node_modules/express-rate-limit/dist/index.cjs:782:5 {
  code: 'ERR_ERL_FORWARDED_HEADER',
  help: 'https://express-rate-limit.github.io/ERR_ERL_FORWARDED_HEADER/'
}",prj_v0LSSTn9h0d3KtqmKoFHCXIhqfwp,,,,,
2025-12-11 08:48:52,1765442932553,fefa-backend-qfejmju6w-fefas-projects.vercel.app/favicon.png,GET,,500,w89s6-1765442932471-6e68727d96dd,vercel-favicon/1.0,error,production,main,MISS,serverless,/,fefa-backend-qfejmju6w-fefas-projects.vercel.app,fefa-backend-qfejmju6w-fefas-projects.vercel.app,dpl_G8BfmXGqFncf9S47HbwZwADu2LgP,,,,,"‚ùå Redis Client Error: Error: connect ECONNREFUSED 127.0.0.1:6379
    at TCPConnectWrap.afterConnect [as oncomplete] (node:net:1637:16) {
  errno: -111,
  code: 'ECONNREFUSED',
  syscall: 'connect',
  address: '127.0.0.1',
  port: 6379
}",prj_v0LSSTn9h0d3KtqmKoFHCXIhqfwp,,,,,
2025-12-11 08:48:52,1765442932553,fefa-backend-qfejmju6w-fefas-projects.vercel.app/favicon.png,GET,,500,w89s6-1765442932471-6e68727d96dd,vercel-favicon/1.0,info,production,main,MISS,serverless,/,fefa-backend-qfejmju6w-fefas-projects.vercel.app,fefa-backend-qfejmju6w-fefas-projects.vercel.app,dpl_G8BfmXGqFncf9S47HbwZwADu2LgP,,,,,‚ö†Ô∏è Falling back to in-memory caching,prj_v0LSSTn9h0d3KtqmKoFHCXIhqfwp,,,,,
2025-12-11 08:48:52,1765442932556,fefa-backend-qfejmju6w-fefas-projects.vercel.app/favicon.png,GET,,500,w89s6-1765442932471-6e68727d96dd,vercel-favicon/1.0,error,production,main,MISS,serverless,/,fefa-backend-qfejmju6w-fefas-projects.vercel.app,fefa-backend-qfejmju6w-fefas-projects.vercel.app,dpl_G8BfmXGqFncf9S47HbwZwADu2LgP,,,,,"‚ùå Redis Client Error: Error: connect ECONNREFUSED 127.0.0.1:6379
    at TCPConnectWrap.afterConnect [as oncomplete] (node:net:1637:16) {
  errno: -111,
  code: 'ECONNREFUSED',
  syscall: 'connect',
  address: '127.0.0.1',
  port: 6379
}",prj_v0LSSTn9h0d3KtqmKoFHCXIhqfwp,,,,,
2025-12-11 08:48:52,1765442932556,fefa-backend-qfejmju6w-fefas-projects.vercel.app/favicon.png,GET,,500,w89s6-1765442932471-6e68727d96dd,vercel-favicon/1.0,info,production,main,MISS,serverless,/,fefa-backend-qfejmju6w-fefas-projects.vercel.app,fefa-backend-qfejmju6w-fefas-projects.vercel.app,dpl_G8BfmXGqFncf9S47HbwZwADu2LgP,,,,,‚ö†Ô∏è Falling back to in-memory caching,prj_v0LSSTn9h0d3KtqmKoFHCXIhqfwp,,,,,
2025-12-11 08:48:52,1765442932658,fefa-backend-qfejmju6w-fefas-projects.vercel.app/favicon.png,GET,,500,w89s6-1765442932471-6e68727d96dd,vercel-favicon/1.0,error,production,main,MISS,serverless,/,fefa-backend-qfejmju6w-fefas-projects.vercel.app,fefa-backend-qfejmju6w-fefas-projects.vercel.app,dpl_G8BfmXGqFncf9S47HbwZwADu2LgP,,,,,"‚ùå Redis Client Error: Error: connect ECONNREFUSED 127.0.0.1:6379
    at TCPConnectWrap.afterConnect [as oncomplete] (node:net:1637:16) {
  errno: -111,
  code: 'ECONNREFUSED',
  syscall: 'connect',
  address: '127.0.0.1',
  port: 6379
}",prj_v0LSSTn9h0d3KtqmKoFHCXIhqfwp,,,,,
2025-12-11 08:48:52,1765442932658,fefa-backend-qfejmju6w-fefas-projects.vercel.app/favicon.png,GET,,500,w89s6-1765442932471-6e68727d96dd,vercel-favicon/1.0,info,production,main,MISS,serverless,/,fefa-backend-qfejmju6w-fefas-projects.vercel.app,fefa-backend-qfejmju6w-fefas-projects.vercel.app,dpl_G8BfmXGqFncf9S47HbwZwADu2LgP,,,,,‚ö†Ô∏è Falling back to in-memory caching,prj_v0LSSTn9h0d3KtqmKoFHCXIhqfwp,,,,,
2025-12-11 08:48:52,1765442932859,fefa-backend-qfejmju6w-fefas-projects.vercel.app/favicon.png,GET,,500,w89s6-1765442932471-6e68727d96dd,vercel-favicon/1.0,error,production,main,MISS,serverless,/,fefa-backend-qfejmju6w-fefas-projects.vercel.app,fefa-backend-qfejmju6w-fefas-projects.vercel.app,dpl_G8BfmXGqFncf9S47HbwZwADu2LgP,,,,,"‚ùå Redis Client Error: Error: connect ECONNREFUSED 127.0.0.1:6379
    at TCPConnectWrap.afterConnect [as oncomplete] (node:net:1637:16) {
  errno: -111,
  code: 'ECONNREFUSED',
  syscall: 'connect',
  address: '127.0.0.1',
  port: 6379
}",prj_v0LSSTn9h0d3KtqmKoFHCXIhqfwp,,,,,
2025-12-11 08:48:52,1765442932859,fefa-backend-qfejmju6w-fefas-projects.vercel.app/favicon.png,GET,,500,w89s6-1765442932471-6e68727d96dd,vercel-favicon/1.0,info,production,main,MISS,serverless,/,fefa-backend-qfejmju6w-fefas-projects.vercel.app,fefa-backend-qfejmju6w-fefas-projects.vercel.app,dpl_G8BfmXGqFncf9S47HbwZwADu2LgP,,,,,‚ö†Ô∏è Falling back to in-memory caching,prj_v0LSSTn9h0d3KtqmKoFHCXIhqfwp,,,,,
2025-12-11 08:48:53,1765442933160,fefa-backend-qfejmju6w-fefas-projects.vercel.app/favicon.png,GET,,500,w89s6-1765442932471-6e68727d96dd,vercel-favicon/1.0,error,production,main,MISS,serverless,/,fefa-backend-qfejmju6w-fefas-projects.vercel.app,fefa-backend-qfejmju6w-fefas-projects.vercel.app,dpl_G8BfmXGqFncf9S47HbwZwADu2LgP,,,,,"‚ùå Redis Client Error: Error: connect ECONNREFUSED 127.0.0.1:6379
    at TCPConnectWrap.afterConnect [as oncomplete] (node:net:1637:16) {
  errno: -111,
  code: 'ECONNREFUSED',
  syscall: 'connect',
  address: '127.0.0.1',
  port: 6379
}",prj_v0LSSTn9h0d3KtqmKoFHCXIhqfwp,,,,,
2025-12-11 08:48:53,1765442933160,fefa-backend-qfejmju6w-fefas-projects.vercel.app/favicon.png,GET,,500,w89s6-1765442932471-6e68727d96dd,vercel-favicon/1.0,info,production,main,MISS,serverless,/,fefa-backend-qfejmju6w-fefas-projects.vercel.app,fefa-backend-qfejmju6w-fefas-projects.vercel.app,dpl_G8BfmXGqFncf9S47HbwZwADu2LgP,,,,,‚ö†Ô∏è Falling back to in-memory caching,prj_v0LSSTn9h0d3KtqmKoFHCXIhqfwp,,,,,
2025-12-11 08:48:53,1765442933562,fefa-backend-qfejmju6w-fefas-projects.vercel.app/favicon.png,GET,,500,w89s6-1765442932471-6e68727d96dd,vercel-favicon/1.0,error,production,main,MISS,serverless,/,fefa-backend-qfejmju6w-fefas-projects.vercel.app,fefa-backend-qfejmju6w-fefas-projects.vercel.app,dpl_G8BfmXGqFncf9S47HbwZwADu2LgP,,,,,"‚ùå Redis Client Error: Error: connect ECONNREFUSED 127.0.0.1:6379
    at TCPConnectWrap.afterConnect [as oncomplete] (node:net:1637:16) {
  errno: -111,
  code: 'ECONNREFUSED',
  syscall: 'connect',
  address: '127.0.0.1',
  port: 6379
}",prj_v0LSSTn9h0d3KtqmKoFHCXIhqfwp,,,,,
2025-12-11 08:48:53,1765442933562,fefa-backend-qfejmju6w-fefas-projects.vercel.app/favicon.png,GET,,500,w89s6-1765442932471-6e68727d96dd,vercel-favicon/1.0,info,production,main,MISS,serverless,/,fefa-backend-qfejmju6w-fefas-projects.vercel.app,fefa-backend-qfejmju6w-fefas-projects.vercel.app,dpl_G8BfmXGqFncf9S47HbwZwADu2LgP,,,,,‚ö†Ô∏è Falling back to in-memory caching,prj_v0LSSTn9h0d3KtqmKoFHCXIhqfwp,,,,,
2025-12-11 08:48:54,1765442934063,fefa-backend-qfejmju6w-fefas-projects.vercel.app/favicon.png,GET,,500,w89s6-1765442932471-6e68727d96dd,vercel-favicon/1.0,error,production,main,MISS,serverless,/,fefa-backend-qfejmju6w-fefas-projects.vercel.app,fefa-backend-qfejmju6w-fefas-projects.vercel.app,dpl_G8BfmXGqFncf9S47HbwZwADu2LgP,,,,,"‚ùå Redis Client Error: Error: connect ECONNREFUSED 127.0.0.1:6379
    at TCPConnectWrap.afterConnect [as oncomplete] (node:net:1637:16) {
  errno: -111,
  code: 'ECONNREFUSED',
  syscall: 'connect',
  address: '127.0.0.1',
  port: 6379
}",prj_v0LSSTn9h0d3KtqmKoFHCXIhqfwp,,,,,
2025-12-11 08:48:54,1765442934063,fefa-backend-qfejmju6w-fefas-projects.vercel.app/favicon.png,GET,,500,w89s6-1765442932471-6e68727d96dd,vercel-favicon/1.0,info,production,main,MISS,serverless,/,fefa-backend-qfejmju6w-fefas-projects.vercel.app,fefa-backend-qfejmju6w-fefas-projects.vercel.app,dpl_G8BfmXGqFncf9S47HbwZwADu2LgP,,,,,‚ö†Ô∏è Falling back to in-memory caching,prj_v0LSSTn9h0d3KtqmKoFHCXIhqfwp,,,,,
2025-12-11 08:48:54,1765442934275,fefa-backend-qfejmju6w-fefas-projects.vercel.app/favicon.png,GET,,500,w89s6-1765442932471-6e68727d96dd,vercel-favicon/1.0,info,production,main,MISS,serverless,/,fefa-backend-qfejmju6w-fefas-projects.vercel.app,fefa-backend-qfejmju6w-fefas-projects.vercel.app,dpl_G8BfmXGqFncf9S47HbwZwADu2LgP,,,,,MongoDB connected successfully,prj_v0LSSTn9h0d3KtqmKoFHCXIhqfwp,,,,,
2025-12-11 08:48:54,1765442934275,fefa-backend-qfejmju6w-fefas-projects.vercel.app/favicon.png,GET,,500,w89s6-1765442932471-6e68727d96dd,vercel-favicon/1.0,info,production,main,MISS,serverless,/,fefa-backend-qfejmju6w-fefas-projects.vercel.app,fefa-backend-qfejmju6w-fefas-projects.vercel.app,dpl_G8BfmXGqFncf9S47HbwZwADu2LgP,,,,,‚úÖ Connected to MongoDB,prj_v0LSSTn9h0d3KtqmKoFHCXIhqfwp,,,,,
2025-12-11 08:48:54,1765442934275,fefa-backend-qfejmju6w-fefas-projects.vercel.app/favicon.png,GET,,500,w89s6-1765442932471-6e68727d96dd,vercel-favicon/1.0,info,production,main,MISS,serverless,/,fefa-backend-qfejmju6w-fefas-projects.vercel.app,fefa-backend-qfejmju6w-fefas-projects.vercel.app,dpl_G8BfmXGqFncf9S47HbwZwADu2LgP,,,,,"‚ö†Ô∏è Redis is disabled, using fallback mode",prj_v0LSSTn9h0d3KtqmKoFHCXIhqfwp,,,,,
2025-12-11 08:48:54,1765442934275,fefa-backend-qfejmju6w-fefas-projects.vercel.app/favicon.png,GET,,500,w89s6-1765442932471-6e68727d96dd,vercel-favicon/1.0,info,production,main,MISS,serverless,/,fefa-backend-qfejmju6w-fefas-projects.vercel.app,fefa-backend-qfejmju6w-fefas-projects.vercel.app,dpl_G8BfmXGqFncf9S47HbwZwADu2LgP,,,,,"‚ö†Ô∏è Redis unavailable, using in-memory caching",prj_v0LSSTn9h0d3KtqmKoFHCXIhqfwp,,,,,
2025-12-11 08:48:54,1765442934325,fefa-backend-qfejmju6w-fefas-projects.vercel.app/favicon.png,GET,,500,w89s6-1765442932471-6e68727d96dd,vercel-favicon/1.0,info,production,main,MISS,serverless,/,fefa-backend-qfejmju6w-fefas-projects.vercel.app,fefa-backend-qfejmju6w-fefas-projects.vercel.app,dpl_G8BfmXGqFncf9S47HbwZwADu2LgP,,,,,Firebase Admin SDK initialized successfully,prj_v0LSSTn9h0d3KtqmKoFHCXIhqfwp,,,,,
2025-12-11 08:48:54,1765442934325,fefa-backend-qfejmju6w-fefas-projects.vercel.app/favicon.png,GET,,500,w89s6-1765442932471-6e68727d96dd,vercel-favicon/1.0,info,production,main,MISS,serverless,/,fefa-backend-qfejmju6w-fefas-projects.vercel.app,fefa-backend-qfejmju6w-fefas-projects.vercel.app,dpl_G8BfmXGqFncf9S47HbwZwADu2LgP,,,,,‚úÖ Firebase initialized,prj_v0LSSTn9h0d3KtqmKoFHCXIhqfwp,,,,,
2025-12-11 08:48:54,1765442934326,fefa-backend-qfejmju6w-fefas-projects.vercel.app/favicon.png,GET,,500,w89s6-1765442932471-6e68727d96dd,vercel-favicon/1.0,info,production,main,MISS,serverless,/,fefa-backend-qfejmju6w-fefas-projects.vercel.app,fefa-backend-qfejmju6w-fefas-projects.vercel.app,dpl_G8BfmXGqFncf9S47HbwZwADu2LgP,,,,,‚úÖ Cloudinary initialized,prj_v0LSSTn9h0d3KtqmKoFHCXIhqfwp,,,,,
2025-12-11 08:48:54,1765442934664,fefa-backend-qfejmju6w-fefas-projects.vercel.app/favicon.png,GET,,500,w89s6-1765442932471-6e68727d96dd,vercel-favicon/1.0,error,production,main,MISS,serverless,/,fefa-backend-qfejmju6w-fefas-projects.vercel.app,fefa-backend-qfejmju6w-fefas-projects.vercel.app,dpl_G8BfmXGqFncf9S47HbwZwADu2LgP,,,,,"‚ùå Redis Client Error: Error: connect ECONNREFUSED 127.0.0.1:6379
    at TCPConnectWrap.afterConnect [as oncomplete] (node:net:1637:16) {
  errno: -111,
  code: 'ECONNREFUSED',
  syscall: 'connect',
  address: '127.0.0.1',
  port: 6379
}",prj_v0LSSTn9h0d3KtqmKoFHCXIhqfwp,,,,,
2025-12-11 08:48:54,1765442934664,fefa-backend-qfejmju6w-fefas-projects.vercel.app/favicon.png,GET,,500,w89s6-1765442932471-6e68727d96dd,vercel-favicon/1.0,info,production,main,MISS,serverless,/,fefa-backend-qfejmju6w-fefas-projects.vercel.app,fefa-backend-qfejmju6w-fefas-projects.vercel.app,dpl_G8BfmXGqFncf9S47HbwZwADu2LgP,,,,,‚ö†Ô∏è Falling back to in-memory caching,prj_v0LSSTn9h0d3KtqmKoFHCXIhqfwp,,,,,
2025-12-11 08:48:52,1765442932471,fefa-backend-qfejmju6w-fefas-projects.vercel.app/favicon.png,GET,,500,w89s6-1765442932471-6e68727d96dd,vercel-favicon/1.0,,production,main,MISS,serverless,/,fefa-backend-qfejmju6w-fefas-projects.vercel.app,fefa-backend-qfejmju6w-fefas-projects.vercel.app,dpl_G8BfmXGqFncf9S47HbwZwADu2LgP,5534,iad1,353,2048,,prj_v0LSSTn9h0d3KtqmKoFHCXIhqfwp,,,01KC69JKS2MGE6BN96EX5751NZ,m5A9NclBwTLJ,1
2025-12-11 08:48:52,1765442932434,fefa-backend-qfejmju6w-fefas-projects.vercel.app/favicon.ico,GET,,204,w89s6-1765442932370-627429c2cced,vercel-favicon/1.0,info,production,main,MISS,serverless,/,fefa-backend-qfejmju6w-fefas-projects.vercel.app,fefa-backend-qfejmju6w-fefas-projects.vercel.app,dpl_G8BfmXGqFncf9S47HbwZwADu2LgP,,,,,"127.0.0.1 - - [11/Dec/2025:08:48:52 +0000] ""GET /favicon.ico HTTP/1.1"" 204 - ""-"" ""vercel-favicon/1.0""",prj_v0LSSTn9h0d3KtqmKoFHCXIhqfwp,,,,,
2025-12-11 08:48:52,1765442932370,fefa-backend-qfejmju6w-fefas-projects.vercel.app/favicon.ico,GET,,204,w89s6-1765442932370-627429c2cced,vercel-favicon/1.0,,production,main,MISS,serverless,/,fefa-backend-qfejmju6w-fefas-projects.vercel.app,fefa-backend-qfejmju6w-fefas-projects.vercel.app,dpl_G8BfmXGqFncf9S47HbwZwADu2LgP,6,iad1,347,2048,,prj_v0LSSTn9h0d3KtqmKoFHCXIhqfwp,,,01KC69JKNYSBH8CQH9FYTGF3RR,m5A9NclBwTLJ,1
2025-12-11 08:48:52,1765442932220,fefa-backend-qfejmju6w-fefas-projects.vercel.app/,GET,,200,w89s6-1765442932121-6b512cab0973,vercel-favicon/1.0,info,production,main,MISS,serverless,/,fefa-backend-qfejmju6w-fefas-projects.vercel.app,fefa-backend-qfejmju6w-fefas-projects.vercel.app,dpl_G8BfmXGqFncf9S47HbwZwADu2LgP,,,,,[dotenv@17.2.2] injecting env (0) from .env -- tip: üì° version env with Radar: https://dotenvx.com/radar,prj_v0LSSTn9h0d3KtqmKoFHCXIhqfwp,,,,,
2025-12-11 08:48:52,1765442932220,fefa-backend-qfejmju6w-fefas-projects.vercel.app/,GET,,200,w89s6-1765442932121-6b512cab0973,vercel-favicon/1.0,info,production,main,MISS,serverless,/,fefa-backend-qfejmju6w-fefas-projects.vercel.app,fefa-backend-qfejmju6w-fefas-projects.vercel.app,dpl_G8BfmXGqFncf9S47HbwZwADu2LgP,,,,,[dotenv@17.2.2] injecting env (0) from .env -- tip: ‚öôÔ∏è  enable debug logging with { debug: true },prj_v0LSSTn9h0d3KtqmKoFHCXIhqfwp,,,,,
2025-12-11 08:48:52,1765442932220,fefa-backend-qfejmju6w-fefas-projects.vercel.app/,GET,,200,w89s6-1765442932121-6b512cab0973,vercel-favicon/1.0,info,production,main,MISS,serverless,/,fefa-backend-qfejmju6w-fefas-projects.vercel.app,fefa-backend-qfejmju6w-fefas-projects.vercel.app,dpl_G8BfmXGqFncf9S47HbwZwADu2LgP,,,,,"(node:4) [MONGOOSE] Warning: Duplicate schema index on {""user"":1} found. This is often due to declaring an index using both ""index: true"" and ""schema.index()"". Please remove the duplicate index definition.(Use `node --trace-warnings ...` to show where the warning was created)",prj_v0LSSTn9h0d3KtqmKoFHCXIhqfwp,,,,,
2025-12-11 08:48:52,1765442932220,fefa-backend-qfejmju6w-fefas-projects.vercel.app/,GET,,200,w89s6-1765442932121-6b512cab0973,vercel-favicon/1.0,info,production,main,MISS,serverless,/,fefa-backend-qfejmju6w-fefas-projects.vercel.app,fefa-backend-qfejmju6w-fefas-projects.vercel.app,dpl_G8BfmXGqFncf9S47HbwZwADu2LgP,,,,,"(node:4) [MONGOOSE] Warning: Duplicate schema index on {""user"":1} found. This is often due to declaring an index using both ""index: true"" and ""schema.index()"". Please remove the duplicate index definition.",prj_v0LSSTn9h0d3KtqmKoFHCXIhqfwp,,,,,
2025-12-11 08:48:52,1765442932247,fefa-backend-qfejmju6w-fefas-projects.vercel.app/,GET,,200,w89s6-1765442932121-6b512cab0973,vercel-favicon/1.0,info,production,main,MISS,serverless,/,fefa-backend-qfejmju6w-fefas-projects.vercel.app,fefa-backend-qfejmju6w-fefas-projects.vercel.app,dpl_G8BfmXGqFncf9S47HbwZwADu2LgP,,,,,"127.0.0.1 - - [11/Dec/2025:08:48:52 +0000] ""GET / HTTP/1.1"" 200 368 ""-"" ""vercel-favicon/1.0""",prj_v0LSSTn9h0d3KtqmKoFHCXIhqfwp,,,,,
2025-12-11 08:48:52,1765442932121,fefa-backend-qfejmju6w-fefas-projects.vercel.app/,GET,,200,w89s6-1765442932121-6b512cab0973,vercel-favicon/1.0,,production,main,MISS,serverless,/,fefa-backend-qfejmju6w-fefas-projects.vercel.app,fefa-backend-qfejmju6w-fefas-projects.vercel.app,dpl_G8BfmXGqFncf9S47HbwZwADu2LgP,65,iad1,346,2048,,prj_v0LSSTn9h0d3KtqmKoFHCXIhqfwp,,,01KC69JKEARNB7JYEACVZ7H1YJ,m5A9NclBwTLJ,1
2025-12-11 08:48:25,1765442905379,fefa-backend-qfejmju6w-fefas-projects.vercel.app/favicon.ico,GET,,204,kkj4p-1765442905329-27f50867631f,vercel-screenshot/1.0,info,production,main,MISS,serverless,/,fefa-backend-qfejmju6w-fefas-projects.vercel.app,fefa-backend-qfejmju6w-fefas-projects.vercel.app,dpl_G8BfmXGqFncf9S47HbwZwADu2LgP,,,,,"127.0.0.1 - - [11/Dec/2025:08:48:25 +0000] ""GET /favicon.ico HTTP/1.1"" 204 - ""-"" ""vercel-screenshot/1.0""",prj_v0LSSTn9h0d3KtqmKoFHCXIhqfwp,,,,,
2025-12-11 08:48:25,1765442905329,fefa-backend-qfejmju6w-fefas-projects.vercel.app/favicon.ico,GET,,204,kkj4p-1765442905329-27f50867631f,vercel-screenshot/1.0,,production,main,MISS,serverless,/,fefa-backend-qfejmju6w-fefas-projects.vercel.app,fefa-backend-qfejmju6w-fefas-projects.vercel.app,dpl_G8BfmXGqFncf9S47HbwZwADu2LgP,6,iad1,379,2048,,prj_v0LSSTn9h0d3KtqmKoFHCXIhqfwp,,,01KC69HS8P5M7YPA6R6HZ3S6YV,qU8TO7VJOtj4,1
2025-12-11 08:48:25,1765442905316,fefa-backend-qfejmju6w-fefas-projects.vercel.app/favicon.ico,GET,,204,s99rt-1765442905253-ed3e74c23991,vercel-screenshot/1.0,info,production,main,MISS,serverless,/,fefa-backend-qfejmju6w-fefas-projects.vercel.app,fefa-backend-qfejmju6w-fefas-projects.vercel.app,dpl_G8BfmXGqFncf9S47HbwZwADu2LgP,,,,,"127.0.0.1 - - [11/Dec/2025:08:48:25 +0000] ""GET /favicon.ico HTTP/1.1"" 204 - ""-"" ""vercel-screenshot/1.0""",prj_v0LSSTn9h0d3KtqmKoFHCXIhqfwp,,,,,
2025-12-11 08:48:25,1765442905253,fefa-backend-qfejmju6w-fefas-projects.vercel.app/favicon.ico,GET,,204,s99rt-1765442905253-ed3e74c23991,vercel-screenshot/1.0,,production,main,MISS,serverless,/,fefa-backend-qfejmju6w-fefas-projects.vercel.app,fefa-backend-qfejmju6w-fefas-projects.vercel.app,dpl_G8BfmXGqFncf9S47HbwZwADu2LgP,17,iad1,379,2048,,prj_v0LSSTn9h0d3KtqmKoFHCXIhqfwp,,,01KC69HS6BKA72D9K7EHQE27MF,qU8TO7VJOtj4,1
2025-12-11 08:48:25,1765442905108,fefa-backend-qfejmju6w-fefas-projects.vercel.app/,GET,,,5lsv2-1765442905000-cdfb5ac8f67e,vercel-screenshot/1.0,info,production,main,,serverless,,fefa-backend-qfejmju6w-fefas-projects.vercel.app,fefa-backend-qfejmju6w-fefas-projects.vercel.app,dpl_G8BfmXGqFncf9S47HbwZwADu2LgP,,,,,"127.0.0.1 - - [11/Dec/2025:08:48:25 +0000] ""GET / HTTP/1.1"" 200 368 ""-"" ""vercel-screenshot/1.0""",prj_v0LSSTn9h0d3KtqmKoFHCXIhqfwp,,,,,
2025-12-11 08:48:25,1765442905000,fefa-backend-qfejmju6w-fefas-projects.vercel.app/,GET,,,5lsv2-1765442905000-cdfb5ac8f67e,vercel-screenshot/1.0,,production,main,,serverless,/,fefa-backend-qfejmju6w-fefas-projects.vercel.app,fefa-backend-qfejmju6w-fefas-projects.vercel.app,dpl_G8BfmXGqFncf9S47HbwZwADu2LgP,3,iad1,379,2048,,prj_v0LSSTn9h0d3KtqmKoFHCXIhqfwp,,,01KC69HPXM2X5TNSWJH95GB278,qU8TO7VJOtj4,2
2025-12-11 08:48:25,1765442905012,fefa-backend-qfejmju6w-fefas-projects.vercel.app/,GET,,200,xtwhm-1765442904963-ff3cdcc84eb9,vercel-screenshot/1.0,info,production,main,MISS,serverless,/,fefa-backend-qfejmju6w-fefas-projects.vercel.app,fefa-backend-qfejmju6w-fefas-projects.vercel.app,dpl_G8BfmXGqFncf9S47HbwZwADu2LgP,,,,,"127.0.0.1 - - [11/Dec/2025:08:48:25 +0000] ""GET / HTTP/1.1"" 200 368 ""-"" ""vercel-screenshot/1.0""",prj_v0LSSTn9h0d3KtqmKoFHCXIhqfwp,,,,,
2025-12-11 08:48:24,1765442904963,fefa-backend-qfejmju6w-fefas-projects.vercel.app/,GET,,200,xtwhm-1765442904963-ff3cdcc84eb9,vercel-screenshot/1.0,,production,main,MISS,serverless,/,fefa-backend-qfejmju6w-fefas-projects.vercel.app,fefa-backend-qfejmju6w-fefas-projects.vercel.app,dpl_G8BfmXGqFncf9S47HbwZwADu2LgP,7,iad1,336,2048,,prj_v0LSSTn9h0d3KtqmKoFHCXIhqfwp,,,01KC69HRX6PVX1XX0P11NG6NG1,8PqKW1HsADi0,1
2025-12-11 08:48:24,1765442904424,fefa-backend-qfejmju6w-fefas-projects.vercel.app/,GET,,200,mzft7-1765442904267-d01cd782485f,"Mozilla/5.0 (X11; Linux x86_64) AppleWebKit/537.36 (KHTML, like Gecko) HeadlessChrome/141.0.7390.0 Safari/537.36",info,production,main,MISS,serverless,/,fefa-backend-qfejmju6w-fefas-projects.vercel.app,fefa-backend-qfejmju6w-fefas-projects.vercel.app,dpl_G8BfmXGqFncf9S47HbwZwADu2LgP,,,,,[dotenv@17.2.2] injecting env (0) from .env -- tip: ‚öôÔ∏è  write to custom object with { processEnv: myObject },prj_v0LSSTn9h0d3KtqmKoFHCXIhqfwp,,,,,
2025-12-11 08:48:24,1765442904424,fefa-backend-qfejmju6w-fefas-projects.vercel.app/,GET,,200,mzft7-1765442904267-d01cd782485f,"Mozilla/5.0 (X11; Linux x86_64) AppleWebKit/537.36 (KHTML, like Gecko) HeadlessChrome/141.0.7390.0 Safari/537.36",info,production,main,MISS,serverless,/,fefa-backend-qfejmju6w-fefas-projects.vercel.app,fefa-backend-qfejmju6w-fefas-projects.vercel.app,dpl_G8BfmXGqFncf9S47HbwZwADu2LgP,,,,,[dotenv@17.2.2] injecting env (0) from .env -- tip: üîê encrypt with Dotenvx: https://dotenvx.com,prj_v0LSSTn9h0d3KtqmKoFHCXIhqfwp,,,,,
2025-12-11 08:48:24,1765442904424,fefa-backend-qfejmju6w-fefas-projects.vercel.app/,GET,,200,mzft7-1765442904267-d01cd782485f,"Mozilla/5.0 (X11; Linux x86_64) AppleWebKit/537.36 (KHTML, like Gecko) HeadlessChrome/141.0.7390.0 Safari/537.36",info,production,main,MISS,serverless,/,fefa-backend-qfejmju6w-fefas-projects.vercel.app,fefa-backend-qfejmju6w-fefas-projects.vercel.app,dpl_G8BfmXGqFncf9S47HbwZwADu2LgP,,,,,"(node:4) [MONGOOSE] Warning: Duplicate schema index on {""user"":1} found. This is often due to declaring an index using both ""index: true"" and ""schema.index()"". Please remove the duplicate index definition.(Use `node --trace-warnings ...` to show where the warning was created)",prj_v0LSSTn9h0d3KtqmKoFHCXIhqfwp,,,,,
2025-12-11 08:48:24,1765442904425,fefa-backend-qfejmju6w-fefas-projects.vercel.app/,GET,,200,mzft7-1765442904267-d01cd782485f,"Mozilla/5.0 (X11; Linux x86_64) AppleWebKit/537.36 (KHTML, like Gecko) HeadlessChrome/141.0.7390.0 Safari/537.36",info,production,main,MISS,serverless,/,fefa-backend-qfejmju6w-fefas-projects.vercel.app,fefa-backend-qfejmju6w-fefas-projects.vercel.app,dpl_G8BfmXGqFncf9S47HbwZwADu2LgP,,,,,"(node:4) [MONGOOSE] Warning: Duplicate schema index on {""user"":1} found. This is often due to declaring an index using both ""index: true"" and ""schema.index()"". Please remove the duplicate index definition.",prj_v0LSSTn9h0d3KtqmKoFHCXIhqfwp,,,,,
2025-12-11 08:48:24,1765442904491,fefa-backend-qfejmju6w-fefas-projects.vercel.app/,GET,,200,mzft7-1765442904267-d01cd782485f,"Mozilla/5.0 (X11; Linux x86_64) AppleWebKit/537.36 (KHTML, like Gecko) HeadlessChrome/141.0.7390.0 Safari/537.36",info,production,main,MISS,serverless,/,fefa-backend-qfejmju6w-fefas-projects.vercel.app,fefa-backend-qfejmju6w-fefas-projects.vercel.app,dpl_G8BfmXGqFncf9S47HbwZwADu2LgP,,,,,"127.0.0.1 - - [11/Dec/2025:08:48:24 +0000] ""GET / HTTP/1.1"" 200 368 ""-"" ""Mozilla/5.0 (X11; Linux x86_64) AppleWebKit/537.36 (KHTML, like Gecko) HeadlessChrome/141.0.7390.0 Safari/537.36""",prj_v0LSSTn9h0d3KtqmKoFHCXIhqfwp,,,,,
2025-12-11 08:48:24,1765442904267,fefa-backend-qfejmju6w-fefas-projects.vercel.app/,GET,,200,mzft7-1765442904267-d01cd782485f,"Mozilla/5.0 (X11; Linux x86_64) AppleWebKit/537.36 (KHTML, like Gecko) HeadlessChrome/141.0.7390.0 Safari/537.36",,production,main,MISS,serverless,/,fefa-backend-qfejmju6w-fefas-projects.vercel.app,fefa-backend-qfejmju6w-fefas-projects.vercel.app,dpl_G8BfmXGqFncf9S47HbwZwADu2LgP,74,iad1,339,2048,,prj_v0LSSTn9h0d3KtqmKoFHCXIhqfwp,,,01KC69HRAMHESZ72DJZN5SEP4X,8WiwHfCF4K8w,1
2025-12-11 08:48:24,1765442904972,fefa-backend-qfejmju6w-fefas-projects.vercel.app/,GET,,,pcckq-1765442903021-f4ef43486d2d,"Mozilla/5.0 (X11; Linux x86_64) AppleWebKit/537.36 (KHTML, like Gecko) HeadlessChrome/141.0.7390.0 Safari/537.36",info,production,main,,serverless,,fefa-backend-qfejmju6w-fefas-projects.vercel.app,fefa-backend-qfejmju6w-fefas-projects.vercel.app,dpl_G8BfmXGqFncf9S47HbwZwADu2LgP,,,,,[dotenv@17.2.2] injecting env (0) from .env -- tip: ‚öôÔ∏è  write to custom object with { processEnv: myObject },prj_v0LSSTn9h0d3KtqmKoFHCXIhqfwp,,,,,
2025-12-11 08:48:24,1765442904972,fefa-backend-qfejmju6w-fefas-projects.vercel.app/,GET,,,pcckq-1765442903021-f4ef43486d2d,"Mozilla/5.0 (X11; Linux x86_64) AppleWebKit/537.36 (KHTML, like Gecko) HeadlessChrome/141.0.7390.0 Safari/537.36",info,production,main,,serverless,,fefa-backend-qfejmju6w-fefas-projects.vercel.app,fefa-backend-qfejmju6w-fefas-projects.vercel.app,dpl_G8BfmXGqFncf9S47HbwZwADu2LgP,,,,,[dotenv@17.2.2] injecting env (0) from .env -- tip: ‚öôÔ∏è  write to custom object with { processEnv: myObject },prj_v0LSSTn9h0d3KtqmKoFHCXIhqfwp,,,,,
2025-12-11 08:48:24,1765442904972,fefa-backend-qfejmju6w-fefas-projects.vercel.app/,GET,,,pcckq-1765442903021-f4ef43486d2d,"Mozilla/5.0 (X11; Linux x86_64) AppleWebKit/537.36 (KHTML, like Gecko) HeadlessChrome/141.0.7390.0 Safari/537.36",info,production,main,,serverless,,fefa-backend-qfejmju6w-fefas-projects.vercel.app,fefa-backend-qfejmju6w-fefas-projects.vercel.app,dpl_G8BfmXGqFncf9S47HbwZwADu2LgP,,,,,"(node:4) [MONGOOSE] Warning: Duplicate schema index on {""user"":1} found. This is often due to declaring an index using both ""index: true"" and ""schema.index()"". Please remove the duplicate index definition.(Use `node --trace-warnings ...` to show where the warning was created)",prj_v0LSSTn9h0d3KtqmKoFHCXIhqfwp,,,,,
2025-12-11 08:48:24,1765442904972,fefa-backend-qfejmju6w-fefas-projects.vercel.app/,GET,,,pcckq-1765442903021-f4ef43486d2d,"Mozilla/5.0 (X11; Linux x86_64) AppleWebKit/537.36 (KHTML, like Gecko) HeadlessChrome/141.0.7390.0 Safari/537.36",info,production,main,,serverless,,fefa-backend-qfejmju6w-fefas-projects.vercel.app,fefa-backend-qfejmju6w-fefas-projects.vercel.app,dpl_G8BfmXGqFncf9S47HbwZwADu2LgP,,,,,"(node:4) [MONGOOSE] Warning: Duplicate schema index on {""user"":1} found. This is often due to declaring an index using both ""index: true"" and ""schema.index()"". Please remove the duplicate index definition.",prj_v0LSSTn9h0d3KtqmKoFHCXIhqfwp,,,,,
2025-12-11 08:48:25,1765442905043,fefa-backend-qfejmju6w-fefas-projects.vercel.app/,GET,,,pcckq-1765442903021-f4ef43486d2d,"Mozilla/5.0 (X11; Linux x86_64) AppleWebKit/537.36 (KHTML, like Gecko) HeadlessChrome/141.0.7390.0 Safari/537.36",info,production,main,,serverless,,fefa-backend-qfejmju6w-fefas-projects.vercel.app,fefa-backend-qfejmju6w-fefas-projects.vercel.app,dpl_G8BfmXGqFncf9S47HbwZwADu2LgP,,,,,"127.0.0.1 - - [11/Dec/2025:08:48:25 +0000] ""GET / HTTP/1.1"" 200 368 ""-"" ""Mozilla/5.0 (X11; Linux x86_64) AppleWebKit/537.36 (KHTML, like Gecko) HeadlessChrome/141.0.7390.0 Safari/537.36""",prj_v0LSSTn9h0d3KtqmKoFHCXIhqfwp,,,,,
2025-12-11 08:48:23,1765442903021,fefa-backend-qfejmju6w-fefas-projects.vercel.app/,GET,,,pcckq-1765442903021-f4ef43486d2d,"Mozilla/5.0 (X11; Linux x86_64) AppleWebKit/537.36 (KHTML, like Gecko) HeadlessChrome/141.0.7390.0 Safari/537.36",,production,main,,serverless,/,fefa-backend-qfejmju6w-fefas-projects.vercel.app,fefa-backend-qfejmju6w-fefas-projects.vercel.app,dpl_G8BfmXGqFncf9S47HbwZwADu2LgP,1750,iad1,339,2048,,prj_v0LSSTn9h0d3KtqmKoFHCXIhqfwp,,,01KC69HQ3RFZEGXRF70CD330QR,VnCXTfSbZv4g,1
2025-12-11 08:48:24,1765442904744,fefa-backend-qfejmju6w-fefas-projects.vercel.app/,GET,,200,rjwdj-1765442902724-6f58b5445e2e,vercel-screenshot/1.0,info,production,main,MISS,serverless,/,fefa-backend-qfejmju6w-fefas-projects.vercel.app,fefa-backend-qfejmju6w-fefas-projects.vercel.app,dpl_G8BfmXGqFncf9S47HbwZwADu2LgP,,,,,[dotenv@17.2.2] injecting env (0) from .env -- tip: üîê prevent committing .env to code: https://dotenvx.com/precommit,prj_v0LSSTn9h0d3KtqmKoFHCXIhqfwp,,,,,
2025-12-11 08:48:24,1765442904744,fefa-backend-qfejmju6w-fefas-projects.vercel.app/,GET,,200,rjwdj-1765442902724-6f58b5445e2e,vercel-screenshot/1.0,info,production,main,MISS,serverless,/,fefa-backend-qfejmju6w-fefas-projects.vercel.app,fefa-backend-qfejmju6w-fefas-projects.vercel.app,dpl_G8BfmXGqFncf9S47HbwZwADu2LgP,,,,,[dotenv@17.2.2] injecting env (0) from .env -- tip: üì° observe env with Radar: https://dotenvx.com/radar,prj_v0LSSTn9h0d3KtqmKoFHCXIhqfwp,,,,,
2025-12-11 08:48:24,1765442904744,fefa-backend-qfejmju6w-fefas-projects.vercel.app/,GET,,200,rjwdj-1765442902724-6f58b5445e2e,vercel-screenshot/1.0,info,production,main,MISS,serverless,/,fefa-backend-qfejmju6w-fefas-projects.vercel.app,fefa-backend-qfejmju6w-fefas-projects.vercel.app,dpl_G8BfmXGqFncf9S47HbwZwADu2LgP,,,,,"(node:4) [MONGOOSE] Warning: Duplicate schema index on {""user"":1} found. This is often due to declaring an index using both ""index: true"" and ""schema.index()"". Please remove the duplicate index definition.(Use `node --trace-warnings ...` to show where the warning was created)",prj_v0LSSTn9h0d3KtqmKoFHCXIhqfwp,,,,,
2025-12-11 08:48:24,1765442904744,fefa-backend-qfejmju6w-fefas-projects.vercel.app/,GET,,200,rjwdj-1765442902724-6f58b5445e2e,vercel-screenshot/1.0,info,production,main,MISS,serverless,/,fefa-backend-qfejmju6w-fefas-projects.vercel.app,fefa-backend-qfejmju6w-fefas-projects.vercel.app,dpl_G8BfmXGqFncf9S47HbwZwADu2LgP,,,,,"(node:4) [MONGOOSE] Warning: Duplicate schema index on {""user"":1} found. This is often due to declaring an index using both ""index: true"" and ""schema.index()"". Please remove the duplicate index definition.",prj_v0LSSTn9h0d3KtqmKoFHCXIhqfwp,,,,,
2025-12-11 08:48:24,1765442904781,fefa-backend-qfejmju6w-fefas-projects.vercel.app/,GET,,200,rjwdj-1765442902724-6f58b5445e2e,vercel-screenshot/1.0,info,production,main,MISS,serverless,/,fefa-backend-qfejmju6w-fefas-projects.vercel.app,fefa-backend-qfejmju6w-fefas-projects.vercel.app,dpl_G8BfmXGqFncf9S47HbwZwADu2LgP,,,,,"127.0.0.1 - - [11/Dec/2025:08:48:24 +0000] ""GET / HTTP/1.1"" 200 368 ""-"" ""vercel-screenshot/1.0""",prj_v0LSSTn9h0d3KtqmKoFHCXIhqfwp,,,,,
2025-12-11 08:48:22,1765442902724,fefa-backend-qfejmju6w-fefas-projects.vercel.app/,GET,,200,rjwdj-1765442902724-6f58b5445e2e,vercel-screenshot/1.0,,production,main,MISS,serverless,/,fefa-backend-qfejmju6w-fefas-projects.vercel.app,fefa-backend-qfejmju6w-fefas-projects.vercel.app,dpl_G8BfmXGqFncf9S47HbwZwADu2LgP,355,iad1,380,2048,,prj_v0LSSTn9h0d3KtqmKoFHCXIhqfwp,,,01KC69HPXM2X5TNSWJH95GB278,qU8TO7VJOtj4,2
2025-12-11 08:48:24,1765442904815,fefa-backend-qfejmju6w-fefas-projects.vercel.app/,GET,,200,pzzxx-1765442902699-097caf46400e,vercel-screenshot/1.0,info,production,main,MISS,serverless,/,fefa-backend-qfejmju6w-fefas-projects.vercel.app,fefa-backend-qfejmju6w-fefas-projects.vercel.app,dpl_G8BfmXGqFncf9S47HbwZwADu2LgP,,,,,[dotenv@17.2.2] injecting env (0) from .env -- tip: üõ†Ô∏è  run anywhere with `dotenvx run -- yourcommand`,prj_v0LSSTn9h0d3KtqmKoFHCXIhqfwp,,,,,
2025-12-11 08:48:24,1765442904815,fefa-backend-qfejmju6w-fefas-projects.vercel.app/,GET,,200,pzzxx-1765442902699-097caf46400e,vercel-screenshot/1.0,info,production,main,MISS,serverless,/,fefa-backend-qfejmju6w-fefas-projects.vercel.app,fefa-backend-qfejmju6w-fefas-projects.vercel.app,dpl_G8BfmXGqFncf9S47HbwZwADu2LgP,,,,,[dotenv@17.2.2] injecting env (0) from .env -- tip: ‚öôÔ∏è  suppress all logs with { quiet: true },prj_v0LSSTn9h0d3KtqmKoFHCXIhqfwp,,,,,
2025-12-11 08:48:24,1765442904815,fefa-backend-qfejmju6w-fefas-projects.vercel.app/,GET,,200,pzzxx-1765442902699-097caf46400e,vercel-screenshot/1.0,info,production,main,MISS,serverless,/,fefa-backend-qfejmju6w-fefas-projects.vercel.app,fefa-backend-qfejmju6w-fefas-projects.vercel.app,dpl_G8BfmXGqFncf9S47HbwZwADu2LgP,,,,,"(node:4) [MONGOOSE] Warning: Duplicate schema index on {""user"":1} found. This is often due to declaring an index using both ""index: true"" and ""schema.index()"". Please remove the duplicate index definition.(Use `node --trace-warnings ...` to show where the warning was created)",prj_v0LSSTn9h0d3KtqmKoFHCXIhqfwp,,,,,
2025-12-11 08:48:24,1765442904816,fefa-backend-qfejmju6w-fefas-projects.vercel.app/,GET,,200,pzzxx-1765442902699-097caf46400e,vercel-screenshot/1.0,info,production,main,MISS,serverless,/,fefa-backend-qfejmju6w-fefas-projects.vercel.app,fefa-backend-qfejmju6w-fefas-projects.vercel.app,dpl_G8BfmXGqFncf9S47HbwZwADu2LgP,,,,,"(node:4) [MONGOOSE] Warning: Duplicate schema index on {""user"":1} found. This is often due to declaring an index using both ""index: true"" and ""schema.index()"". Please remove the duplicate index definition.",prj_v0LSSTn9h0d3KtqmKoFHCXIhqfwp,,,,,
2025-12-11 08:48:24,1765442904898,fefa-backend-qfejmju6w-fefas-projects.vercel.app/,GET,,200,pzzxx-1765442902699-097caf46400e,vercel-screenshot/1.0,info,production,main,MISS,serverless,/,fefa-backend-qfejmju6w-fefas-projects.vercel.app,fefa-backend-qfejmju6w-fefas-projects.vercel.app,dpl_G8BfmXGqFncf9S47HbwZwADu2LgP,,,,,"127.0.0.1 - - [11/Dec/2025:08:48:24 +0000] ""GET / HTTP/1.1"" 200 368 ""-"" ""vercel-screenshot/1.0""",prj_v0LSSTn9h0d3KtqmKoFHCXIhqfwp,,,,,
2025-12-11 08:48:22,1765442902699,fefa-backend-qfejmju6w-fefas-projects.vercel.app/,GET,,200,pzzxx-1765442902699-097caf46400e,vercel-screenshot/1.0,,production,main,MISS,serverless,/,fefa-backend-qfejmju6w-fefas-projects.vercel.app,fefa-backend-qfejmju6w-fefas-projects.vercel.app,dpl_G8BfmXGqFncf9S47HbwZwADu2LgP,1782,iad1,336,2048,,prj_v0LSSTn9h0d3KtqmKoFHCXIhqfwp,,,01KC69HPXN0KXFB9YZ0TKE0KEJ,8PqKW1HsADi0,1